//FAM;Contact(ZOO_CONTACT);<specid>;<fldid>;civilité;nom;prénom;ville;;;;
ORDER;ZOO_CONTACT;;;zct_civility;zct_lname;zct_fname;zct_worktown;zct_mail;;;
DOC;ZOO_CONTACT;;;;MARTIN;Adam;Paris;adam3@zoo.net;;;adam3@zoo.net
DOC;ZOO_CONTACT;;;;BERNARD;Alex;Marseille;alex4@zoo.net;;;
DOC;ZOO_CONTACT;;;;THOMAS;Alexandre;Lyon;alexandre5@zoo.net;;;
DOC;ZOO_CONTACT;;;;PETIT;Alexis;Toulouse;alexis6@zoo.net;;;
DOC;ZOO_CONTACT;;;;ROBERT;Anthony;Nice;anthony7@zoo.net;;;
DOC;ZOO_CONTACT;;;;RICHARD;Antoine;Nantes;antoine8@zoo.net;;;
DOC;ZOO_CONTACT;;;;DURAND;Benjamin;Strasbourg;benjamin9@zoo.net;;;
DOC;ZOO_CONTACT;;;;DUBOIS;Cédric;Montpellier;cedric10@zoo.net;;;
DOC;ZOO_CONTACT;;;;MOREAU;Charles;Bordeaux;charles11@zoo.net;;;
DOC;ZOO_CONTACT;;;;LAURENT;Christopher;Lille15;christopher12@zoo.net;;;
DOC;ZOO_CONTACT;;;;SIMON;David;Rennes;david13@zoo.net;;;
DOC;ZOO_CONTACT;;;;MICHEL;Dylan;Reims;dylan14@zoo.net;;;
DOC;ZOO_CONTACT;;;;LEFEBVRE;Édouard;Le Havre;edouard15@zoo.net;;;
DOC;ZOO_CONTACT;;;;LEROY;Elliot;Saint-Étienne;elliot16@zoo.net;;;
DOC;ZOO_CONTACT;;;;ROUX;Émile;Toulon;emile17@zoo.net;;;
DOC;ZOO_CONTACT;;;;DAVID;Étienne;Grenoble;etienne18@zoo.net;;;
DOC;ZOO_CONTACT;;;;BERTRAND;Félix;Dijon;felix19@zoo.net;;;
DOC;ZOO_CONTACT;;;;MOREL;Gabriel;Angers;gabriel20@zoo.net;;;
DOC;ZOO_CONTACT;;;;FOURNIER;Guillaume;Villeurbanne;guillaume21@zoo.net;;;
DOC;ZOO_CONTACT;;;;GIRARD;Hugo;Saint-Denis;hugo22@zoo.net;;;
DOC;ZOO_CONTACT;;;;BONNET;Isaac;Le Mans;isaac23@zoo.net;;;
DOC;ZOO_CONTACT;;;;DUPONT;Jacob;Nîmes;jacob24@zoo.net;;;
DOC;ZOO_CONTACT;;;;LAMBERT;Jérémy;Aix-en-Provence;jeremy25@zoo.net;;;
DOC;ZOO_CONTACT;;;;FONTAINE;Jonathan;Brest;jonathan26@zoo.net;;;
DOC;ZOO_CONTACT;;;;ROUSSEAU;Julien;Clermont-Ferrand;julien27@zoo.net;;;
DOC;ZOO_CONTACT;;;;VINCENT;Justin;Limoges;justin28@zoo.net;;;
DOC;ZOO_CONTACT;;;;MULLER;Léo;Tours;leo29@zoo.net;;;
DOC;ZOO_CONTACT;;;;LEFEVRE;Logan;Amiens;logan30@zoo.net;;;
DOC;ZOO_CONTACT;;;;FAURE;Loïc;Metz;loic31@zoo.net;;;
DOC;ZOO_CONTACT;;;;ANDRE;Louis;Perpignan;louis32@zoo.net;;;
DOC;ZOO_CONTACT;;;;MERCIER;Lucas;Besançon;lucas33@zoo.net;;;
DOC;ZOO_CONTACT;;;;BLANC;Ludovic;Boulogne-Billancourt;ludovic34@zoo.net;;;
DOC;ZOO_CONTACT;;;;GUERIN;Malik;Orléans;malik35@zoo.net;;;
DOC;ZOO_CONTACT;;;;BOYER;Mathieu;Rouen;mathieu36@zoo.net;;;
DOC;ZOO_CONTACT;;;;GARNIER;Mathis;Mulhouse;mathis37@zoo.net;;;
DOC;ZOO_CONTACT;;;;CHEVALIER;Maxime;Caen;maxime38@zoo.net;;;
DOC;ZOO_CONTACT;;;;FRANCOIS;Michaël;Saint-Denis;michael39@zoo.net;;;
DOC;ZOO_CONTACT;;;;LEGRAND;Nathan;Nancy;nathan40@zoo.net;;;
DOC;ZOO_CONTACT;;;;GAUTHIER;Nicolas;Saint-Paul;nicolas41@zoo.net;;;
DOC;ZOO_CONTACT;;;;GARCIA;Noah;Argenteuil;noah42@zoo.net;;;
DOC;ZOO_CONTACT;;;;PERRIN;Olivier;Montreuil;olivier43@zoo.net;;;
DOC;ZOO_CONTACT;;;;ROBIN;Philippe;Roubaix;philippe44@zoo.net;;;
DOC;ZOO_CONTACT;;;;CLEMENT;Raphaël;Dunkerque16;raphael45@zoo.net;;;
DOC;ZOO_CONTACT;;;;MORIN;Samuel;Tourcoing;samuel46@zoo.net;;;
DOC;ZOO_CONTACT;;;;NICOLAS;Simon;Créteil;simon47@zoo.net;;;
DOC;ZOO_CONTACT;;;;HENRY;Thomas;Avignon;thomas48@zoo.net;;;
DOC;ZOO_CONTACT;;;;ROUSSEL;Tommy;Nanterre;tommy49@zoo.net;;;
DOC;ZOO_CONTACT;;;;MATHIEU;Tristan;Poitiers;tristan50@zoo.net;;;
DOC;ZOO_CONTACT;;;;GAUTIER;Victor;Courbevoie;victor51@zoo.net;;;
DOC;ZOO_CONTACT;;;;MASSON;Vincent;Fort-de-France;vincent52@zoo.net;;;
DOC;ZOO_CONTACT;;;;MARCHAND;Alexia;Versailles;alexia53@zoo.net;;;
DOC;ZOO_CONTACT;;;;DUVAL;Alice;Vitry-sur-Seine;alice54@zoo.net;;;
DOC;ZOO_CONTACT;;;;DENIS;Alicia;Colombes;alicia55@zoo.net;;;
DOC;ZOO_CONTACT;;;;DUMONT;Amélie;Asnières-sur-Seine;amelie56@zoo.net;;;
DOC;ZOO_CONTACT;;;;MARIE;Anaïs;Aulnay-sous-Bois;anais57@zoo.net;;;
DOC;ZOO_CONTACT;;;;LEMAIRE;Annabelle;Pau;annabelle58@zoo.net;;;
DOC;ZOO_CONTACT;;;;NOEL;Arianne;Rueil-Malmaison;arianne59@zoo.net;;;
DOC;ZOO_CONTACT;;;;MEYER;Audrey;Saint-Pierre;audrey60@zoo.net;;;
DOC;ZOO_CONTACT;;;;DUFOUR;Aurélie;Aubervilliers;aurelie61@zoo.net;;;
DOC;ZOO_CONTACT;;;;MEUNIER;Camille;Champigny-sur-Marne;camille62@zoo.net;;;
DOC;ZOO_CONTACT;;;;BRUN;Catherine;La Rochelle;catherine63@zoo.net;;;
DOC;ZOO_CONTACT;;;;BLANCHARD;Charlotte;Saint-Maur-des-Fossés;charlotte64@zoo.net;;;
DOC;ZOO_CONTACT;;;;GIRAUD;Chloé;Antibes;chloe65@zoo.net;;;
DOC;ZOO_CONTACT;;;;JOLY;Clara;Calais;clara66@zoo.net;;;
DOC;ZOO_CONTACT;;;;RIVIERE;Coralie;Le Tampon;coralie67@zoo.net;;;
DOC;ZOO_CONTACT;;;;LUCAS;Daphnée;Cannes;daphnee68@zoo.net;;;
DOC;ZOO_CONTACT;;;;BRUNET;Delphine;Béziers;delphine69@zoo.net;;;
DOC;ZOO_CONTACT;;;;GAILLARD;Elizabeth;Colmar;elizabeth70@zoo.net;;;
DOC;ZOO_CONTACT;;;;BARBIER;Élodie;Saint-Nazaire;elodie71@zoo.net;;;
DOC;ZOO_CONTACT;;;;ARNAUD;Émilie;Drancy;emilie72@zoo.net;;;
DOC;ZOO_CONTACT;;;;MARTINEZ;Emma;Bourges;emma73@zoo.net;;;
DOC;ZOO_CONTACT;;;;GERARD;Emy;Mérignac;emy74@zoo.net;;;
DOC;ZOO_CONTACT;;;;ROCHE;Ève;Ajaccio;eve75@zoo.net;;;
DOC;ZOO_CONTACT;;;;RENARD;Florence;Issy-les-Moulineaux;florence76@zoo.net;;;
DOC;ZOO_CONTACT;;;;SCHMITT;Gabrielle;Levallois-Perret;gabrielle77@zoo.net;;;
DOC;ZOO_CONTACT;;;;ROY;Jade;Villeneuve-d'Ascq;jade78@zoo.net;;;
DOC;ZOO_CONTACT;;;;LEROUX;Juliette;Quimper;juliette79@zoo.net;;;
DOC;ZOO_CONTACT;;;;COLIN;Justine;Valence;justine80@zoo.net;;;
DOC;ZOO_CONTACT;;;;VIDAL;Laurence;Noisy-le-Grand;laurence81@zoo.net;;;
DOC;ZOO_CONTACT;;;;CARON;Laurie;La Seyne-sur-Mer;laurie82@zoo.net;;;
DOC;ZOO_CONTACT;;;;PICARD;Léa;Antony;lea83@zoo.net;;;
DOC;ZOO_CONTACT;;;;ROGER;Léanne;Neuilly-sur-Seine;leanne84@zoo.net;;;
DOC;ZOO_CONTACT;;;;FABRE;Maélie;Troyes;maelie85@zoo.net;;;
DOC;ZOO_CONTACT;;;;AUBERT;Maéva;Vénissieux;maeva86@zoo.net;;;
DOC;ZOO_CONTACT;;;;LEMOINE;Maika;Clichy;maika87@zoo.net;;;
DOC;ZOO_CONTACT;;;;RENAUD;Marianne;Sarcelles;marianne88@zoo.net;;;
DOC;ZOO_CONTACT;;;;DUMAS;Marilou;Les Abymes;marilou89@zoo.net;;;
DOC;ZOO_CONTACT;;;;LACROIX;Maude;Pessac;maude90@zoo.net;;;
DOC;ZOO_CONTACT;;;;OLIVIER;Maya;Ivry-sur-Seine;maya91@zoo.net;;;
DOC;ZOO_CONTACT;;;;PHILIPPE;Mégan;Chambéry;megan92@zoo.net;;;
DOC;ZOO_CONTACT;;;;BOURGEOIS;Mélodie;Niort;melodie93@zoo.net;;;
DOC;ZOO_CONTACT;;;;PIERRE;Mia;Lorient;mia94@zoo.net;;;
DOC;ZOO_CONTACT;;;;BENOIT;Noémie;Cergy;noemie95@zoo.net;;;
DOC;ZOO_CONTACT;;;;REY;Océane;Montauban;oceane96@zoo.net;;;
DOC;ZOO_CONTACT;;;;LECLERC;Olivia;Saint-Quentin;olivia97@zoo.net;;;
DOC;ZOO_CONTACT;;;;PAYET;Rosalie;Cayenne;rosalie98@zoo.net;;;
DOC;ZOO_CONTACT;;;;ROLLAND;Rose;Villejuif;rose99@zoo.net;;;
DOC;ZOO_CONTACT;;;;LECLERCQ;Sarah;Beauvais;sarah100@zoo.net;;;
DOC;ZOO_CONTACT;;;;GUILLAUME;Sofia;Hyères;sofia101@zoo.net;;;
DOC;ZOO_CONTACT;;;;LECOMTE;Victoria;Épinay-sur-Seine;victoria102@zoo.net;;;
DOC;ZOO_CONTACT;;;;LOPEZ;Adam;Pantin;adam103@zoo.net;;;
DOC;ZOO_CONTACT;;;;JEAN;Alex;Cholet;alex104@zoo.net;;;
DOC;ZOO_CONTACT;;;;DUPUY;Alexandre;Saint-André;alexandre105@zoo.net;;;
DOC;ZOO_CONTACT;;;;GUILLOT;Alexis;Bondy;alexis106@zoo.net;;;
DOC;ZOO_CONTACT;;;;HUBERT;Anthony;Fontenay-sous-Bois;anthony107@zoo.net;;;
DOC;ZOO_CONTACT;;;;BERGER;Antoine;Maisons-Alfort;antoine108@zoo.net;;;
DOC;ZOO_CONTACT;;;;CARPENTIER;Benjamin;Chelles;benjamin109@zoo.net;;;
DOC;ZOO_CONTACT;;;;SANCHEZ;Cédric;La Roche-sur-Yon;cedric110@zoo.net;;;
DOC;ZOO_CONTACT;;;;DUPUIS;Charles;Arles;charles111@zoo.net;;;
DOC;ZOO_CONTACT;;;;MOULIN;Christopher;Clamart;christopher112@zoo.net;;;
DOC;ZOO_CONTACT;;;;LOUIS;David;Vannes;david113@zoo.net;;;
DOC;ZOO_CONTACT;;;;DESCHAMPS;Dylan;Évry;dylan114@zoo.net;;;
DOC;ZOO_CONTACT;;;;HUET;Édouard;Saint-Louis;edouard115@zoo.net;;;
DOC;ZOO_CONTACT;;;;VASSEUR;Elliot;Fréjus;elliot116@zoo.net;;;
DOC;ZOO_CONTACT;;;;PEREZ;Émile;Le Blanc-Mesnil;emile117@zoo.net;;;
DOC;ZOO_CONTACT;;;;BOUCHER;Étienne;Sartrouville;etienne118@zoo.net;;;
DOC;ZOO_CONTACT;;;;FLEURY;Félix;Narbonne;felix119@zoo.net;;;
DOC;ZOO_CONTACT;;;;ROYER;Gabriel;Grasse;gabriel120@zoo.net;;;
DOC;ZOO_CONTACT;;;;KLEIN;Guillaume;Laval;guillaume121@zoo.net;;;
DOC;ZOO_CONTACT;;;;JACQUET;Hugo;Meaux;hugo122@zoo.net;;;
DOC;ZOO_CONTACT;;;;ADAM;Isaac;Évreux;isaac123@zoo.net;;;
DOC;ZOO_CONTACT;;;;PARIS;Jacob;Annecy;jacob124@zoo.net;;;
DOC;ZOO_CONTACT;;;;POIRIER;Jérémy;Belfort;jeremy125@zoo.net;;;
DOC;ZOO_CONTACT;;;;MARTY;Jonathan;Sevran;jonathan126@zoo.net;;;
DOC;ZOO_CONTACT;;;;AUBRY;Julien;Charleville-Mézières;julien127@zoo.net;;;
DOC;ZOO_CONTACT;;;;GUYOT;Justin;Brive-la-Gaillarde;justin128@zoo.net;;;
DOC;ZOO_CONTACT;;;;CARRE;Léo;Albi;leo129@zoo.net;;;
DOC;ZOO_CONTACT;;;;CHARLES;Logan;Montrouge;logan130@zoo.net;;;
DOC;ZOO_CONTACT;;;;RENAULT;Loïc;Vincennes;loic131@zoo.net;;;
DOC;ZOO_CONTACT;;;;CHARPENTIER;Louis;Martigues;louis132@zoo.net;;;
DOC;ZOO_CONTACT;;;;MENARD;Lucas;Bobigny;lucas133@zoo.net;;;
DOC;ZOO_CONTACT;;;;MAILLARD;Ludovic;Carcassonne;ludovic134@zoo.net;;;
DOC;ZOO_CONTACT;;;;BARON;Malik;Saint-Ouen;malik135@zoo.net;;;
DOC;ZOO_CONTACT;;;;BERTIN;Mathieu;Cagnes-sur-Mer;mathieu136@zoo.net;;;
DOC;ZOO_CONTACT;;;;BAILLY;Mathis;Suresnes;mathis137@zoo.net;;;
DOC;ZOO_CONTACT;;;;HERVE;Maxime;Blois;maxime138@zoo.net;;;
DOC;ZOO_CONTACT;;;;SCHNEIDER;Michaël;Aubagne;michael139@zoo.net;;;
DOC;ZOO_CONTACT;;;;FERNANDEZ;Nathan;Saint-Malo;nathan140@zoo.net;;;
DOC;ZOO_CONTACT;;;;LEGALL;Nicolas;Saint-Brieuc;nicolas141@zoo.net;;;
DOC;ZOO_CONTACT;;;;COLLET;Noah;Châteauroux;noah142@zoo.net;;;
DOC;ZOO_CONTACT;;;;LEGER;Olivier;Châlons-en-Champagne;olivier143@zoo.net;;;
DOC;ZOO_CONTACT;;;;BOUVIER;Philippe;Meudon;philippe144@zoo.net;;;
DOC;ZOO_CONTACT;;;;JULIEN;Raphaël;Chalon-sur-Saône;raphael145@zoo.net;;;
DOC;ZOO_CONTACT;;;;PREVOST;Samuel;Bayonne;samuel146@zoo.net;;;
DOC;ZOO_CONTACT;;;;MILLET;Simon;Puteaux;simon147@zoo.net;;;
DOC;ZOO_CONTACT;;;;PERROT;Thomas;Alfortville;thomas148@zoo.net;;;
DOC;ZOO_CONTACT;;;;DANIEL;Tommy;Valenciennes;tommy149@zoo.net;;;
DOC;ZOO_CONTACT;;;;LEROUX;Tristan;Saint-Herblain;tristan150@zoo.net;;;
DOC;ZOO_CONTACT;;;;COUSIN;Victor;Salon-de-Provence;victor151@zoo.net;;;
DOC;ZOO_CONTACT;;;;GERMAIN;Vincent;Corbeil-Essonnes;vincent152@zoo.net;;;
DOC;ZOO_CONTACT;;;;BRETON;Alexia;Boulogne-sur-Mer;alexia153@zoo.net;;;
DOC;ZOO_CONTACT;;;;BESSON;Alice;Tarbes;alice154@zoo.net;;;
DOC;ZOO_CONTACT;;;;LANGLOIS;Alicia;Bastia;alicia155@zoo.net;;;
DOC;ZOO_CONTACT;;;;REMY;Amélie;Mantes-la-Jolie;amelie156@zoo.net;;;
DOC;ZOO_CONTACT;;;;LEGOFF;Anaïs;Sète;anais157@zoo.net;;;
DOC;ZOO_CONTACT;;;;PELLETIER;Annabelle;Istres;annabelle158@zoo.net;;;
DOC;ZOO_CONTACT;;;;LEVEQUE;Arianne;Le Cannet;arianne159@zoo.net;;;
DOC;ZOO_CONTACT;;;;PERRIER;Audrey;Castres;audrey160@zoo.net;;;
DOC;ZOO_CONTACT;;;;LEBLANC;Aurélie;Massy;aurelie161@zoo.net;;;
DOC;ZOO_CONTACT;;;;BARRE;Camille;Douai;camille162@zoo.net;;;
DOC;ZOO_CONTACT;;;;LEBRUN;Catherine;Saint-Priest;catherine163@zoo.net;;;
DOC;ZOO_CONTACT;;;;MARCHAL;Charlotte;Livry-Gargan;charlotte164@zoo.net;;;
DOC;ZOO_CONTACT;;;;WEBER;Chloé;Angoulême;chloe165@zoo.net;;;
DOC;ZOO_CONTACT;;;;MALLET;Clara;Arras;clara166@zoo.net;;;
DOC;ZOO_CONTACT;;;;HAMON;Coralie;Wattrelos;coralie167@zoo.net;;;
DOC;ZOO_CONTACT;;;;BOULANGER;Daphnée;Vaulx-en-Velin;daphnee168@zoo.net;;;
DOC;ZOO_CONTACT;;;;JACOB;Delphine;Gennevilliers;delphine169@zoo.net;;;
DOC;ZOO_CONTACT;;;;MONNIER;Elizabeth;Caluire-et-Cuire;elizabeth170@zoo.net;;;
DOC;ZOO_CONTACT;;;;MICHAUD;Élodie;Alès;elodie171@zoo.net;;;
DOC;ZOO_CONTACT;;;;RODRIGUEZ;Émilie;Rosny-sous-Bois;emilie172@zoo.net;;;
DOC;ZOO_CONTACT;;;;GUICHARD;Emma;Thionville;emma173@zoo.net;;;
DOC;ZOO_CONTACT;;;;GILLET;Emy;Choisy-le-Roi;emy174@zoo.net;;;
DOC;ZOO_CONTACT;;;;ETIENNE;Ève;Talence;eve175@zoo.net;;;
DOC;ZOO_CONTACT;;;;GRONDIN;Florence;Compiègne;florence176@zoo.net;;;
DOC;ZOO_CONTACT;;;;POULAIN;Gabrielle;Saint-Germain-en-Laye;gabrielle177@zoo.net;;;
DOC;ZOO_CONTACT;;;;TESSIER;Jade;Bourg-en-Bresse;jade178@zoo.net;;;
DOC;ZOO_CONTACT;;;;CHEVALLIER;Juliette;Garges-lès-Gonesse;juliette179@zoo.net;;;
DOC;ZOO_CONTACT;;;;COLLIN;Justine;Gap;justine180@zoo.net;;;
DOC;ZOO_CONTACT;;;;CHAUVIN;Laurence;Noisy-le-Sec;laurence181@zoo.net;;;
DOC;ZOO_CONTACT;;;;DASILVA;Laurie;Melun;laurie182@zoo.net;;;
DOC;ZOO_CONTACT;;;;BOUCHET;Léa;Le Lamentin;lea183@zoo.net;;;
DOC;ZOO_CONTACT;;;;GAY;Léanne;Gagny;leanne184@zoo.net;;;
DOC;ZOO_CONTACT;;;;LEMAITRE;Maélie;Marcq-en-Barœul;maelie185@zoo.net;;;
DOC;ZOO_CONTACT;;;;BENARD;Maéva;Chartres;maeva186@zoo.net;;;
DOC;ZOO_CONTACT;;;;MARECHAL;Maika;Bron;maika187@zoo.net;;;
DOC;ZOO_CONTACT;;;;HUMBERT;Marianne;Cherbourg-Octeville;marianne188@zoo.net;;;
DOC;ZOO_CONTACT;;;;REYNAUD;Marilou;Rezé;marilou189@zoo.net;;;
DOC;ZOO_CONTACT;;;;ANTOINE;Maude;Le Port;maude190@zoo.net;;;
DOC;ZOO_CONTACT;;;;HOARAU;Maya;Montluçon;maya191@zoo.net;;;
DOC;ZOO_CONTACT;;;;PERRET;Mégan;Saint-Laurent-du-Maroni;megan192@zoo.net;;;
DOC;ZOO_CONTACT;;;;BARTHELEMY;Mélodie;Bagneux;melodie193@zoo.net;;;
DOC;ZOO_CONTACT;;;;CORDIER;Mia;Anglet;mia194@zoo.net;;;
DOC;ZOO_CONTACT;;;;PICHON;Noémie;La Courneuve;noemie195@zoo.net;;;
DOC;ZOO_CONTACT;;;;LEJEUNE;Océane;Poissy;oceane196@zoo.net;;;
DOC;ZOO_CONTACT;;;;GILBERT;Olivia;Savigny-sur-Orge;olivia197@zoo.net;;;
DOC;ZOO_CONTACT;;;;LAMY;Rosalie;Roanne;rosalie198@zoo.net;;;
DOC;ZOO_CONTACT;;;;DELAUNAY;Rose;Nevers;rose199@zoo.net;;;
DOC;ZOO_CONTACT;;;;PASQUIER;Sarah;Draguignan;sarah200@zoo.net;;;
DOC;ZOO_CONTACT;;;;CARLIER;Sofia;Auxerre;sofia201@zoo.net;;;
DOC;ZOO_CONTACT;;;;LAPORTE;Victoria;Saint-Martin-d'Hères;victoria202@zoo.net;;;
